user_id,observation.id,observation.license_code,observation.photo.id,observation.photo.license_code
jbest,3371926,CC-BY,4153997,CC-BY
jbest,3371926,CC-BY,4153998,CC-BY
jbest,3371926,CC-BY,4153999,CC-BY
jbest,4020197,CC-BY,4749593,CC-BY
jbest,4020197,CC-BY,4749591,CC-BY
jbest,4020197,CC-BY,4749584,CC-BY
jbest,4657762,CC-BY,5638420,CC-BY
jbest,4907710,CC-BY,5973422,CC-BY
jbest,4907710,CC-BY,5973421,CC-BY
jbest,4907710,CC-BY,5973423,CC-BY
jbest,8158645,CC-BY,10803696,CC-BY
jbest,8158645,CC-BY,10803012,CC-BY
jbest,15288138,CC-BY,22883956,CC-BY
jbest,17593945,CC-BY,26788707,CC-BY
jbest,17593945,CC-BY,26788713,CC-BY
jbest,18035009,CC-BY,27574142,CC-BY
jbest,18035009,CC-BY,27574138,CC-BY
jbest,18761865,CC-BY,28731481,CC-BY
jbest,18761865,CC-BY,28731488,CC-BY
jbest,18761865,CC-BY,28731484,CC-BY
jbest,23420521,CC-BY,36270451,CC-BY
jbest,25002898,CC-BY,38686303,CC-BY
jbest,25002898,CC-BY,38686324,CC-BY
jbest,25002898,CC-BY,38686279,CC-BY
jbest,25229903,CC-BY,39056683,CC-BY
jbest,25229903,CC-BY,39056708,CC-BY
jbest,26028513,CC-BY,40379689,CC-BY
jbest,26200444,CC-BY,40661957,CC-BY
jbest,26200444,CC-BY,40661994,CC-BY
jbest,26200444,CC-BY,40662015,CC-BY
jbest,26200444,CC-BY,40661975,CC-BY
jbest,26200444,CC-BY,40662203,CC-BY
jbest,26412377,CC-BY,41010099,CC-BY
jbest,28019531,CC-BY,43649558,CC-BY
jbest,28019908,CC-BY,43650232,CC-BY
jbest,28019908,CC-BY,43650257,CC-BY
jbest,28019908,CC-BY,43650271,CC-BY
jbest,31744916,CC-BY,49716733,CC-BY
jbest,32926717,CC-BY,51679071,CC-BY
jbest,33100032,CC-BY,51958471,CC-BY
jbest,33100032,CC-BY,51958482,CC-BY
jbest,49526347,CC-BY,78621973,CC-BY
jbest,49526347,CC-BY,78621942,CC-BY
jbest,49526347,CC-BY,78622001,CC-BY
jbest,49526347,CC-BY,79053741,CC-BY
jbest,57935651,CC-BY,92454749,CC-BY
jbest,61267603,CC-BY,98021161,CC-BY
jbest,61267603,CC-BY,98021182,CC-BY
jbest,61267603,CC-BY,98021145,CC-BY
jbest,62139893,CC-BY,99522640,CC-BY
jbest,62139893,CC-BY,99522543,CC-BY
jbest,62139893,CC-BY,99522598,CC-BY
jbest,62140064,CC-BY,99522839,CC-BY
jbest,62140064,CC-BY,99522816,CC-BY
jbest,74086713,CC-BY,121043622,CC-BY
jbest,74086713,CC-BY,121043649,CC-BY
jbest,74086713,CC-BY,125528990,CC-BY
jbest,76753084,CC-BY,125529856,CC-BY
jbest,76753084,CC-BY,125529964,CC-BY
jbest,76753312,CC-BY,125530209,CC-BY
jbest,76753312,CC-BY,126992360,CC-BY
jbest,78350239,CC-BY,128213674,CC-BY
jbest,78350239,CC-BY,128213691,CC-BY
jbest,78350239,CC-BY,128213981,CC-BY
jbest,78350407,CC-BY,128214006,CC-BY
jbest,78350407,CC-BY,128214030,CC-BY
jbest,80397047,CC-BY,131765579,CC-BY
jbest,80397047,CC-BY,131765609,CC-BY
jbest,80936423,CC-BY,132698015,CC-BY
jbest,81941900,CC-BY,134439108,CC-BY
jbest,81941900,CC-BY,134439132,CC-BY
jbest,81941900,CC-BY,134439158,CC-BY
jbest,83878461,CC-BY,137799594,CC-BY
jbest,83878461,CC-BY,137797394,CC-BY
jbest,83878461,CC-BY,137796932,CC-BY
jbest,83878461,CC-BY,137796975,CC-BY
jbest,83878461,CC-BY,137799573,CC-BY
jbest,84801376,CC-BY,139421644,CC-BY
jbest,85262748,CC-BY,140256059,CC-BY
jbest,86062711,CC-BY,141711108,CC-BY
jbest,86062711,CC-BY,141711130,CC-BY
jbest,88621800,CC-BY,146369215,CC-BY
jbest,88621800,CC-BY,146369245,CC-BY
jbest,88741272,CC-BY,146455305,CC-BY
jbest,88741344,CC-BY,146455449,CC-BY
jbest,88741344,CC-BY,146459034,CC-BY
jbest,88741344,CC-BY,146459070,CC-BY
jbest,91264103,CC-BY,150931465,CC-BY
jbest,99982588,CC-BY,166801122,CC-BY
jbest,99982588,CC-BY,166801139,CC-BY
jbest,99982588,CC-BY,166801172,CC-BY
jbest,101849470,CC-BY,170142489,CC-BY
jbest,113625944,CC-BY,191954835,CC-BY
jbest,113625944,CC-BY,191954887,CC-BY
jbest,113992721,CC-BY,192533715,CC-BY
jbest,114038411,CC-BY,192611528,CC-BY
jbest,114285668,CC-BY,193002965,CC-BY
jbest,114285668,CC-BY,193003112,CC-BY
jbest,114285914,CC-BY,193003264,CC-BY
jbest,114285914,CC-BY,193003402,CC-BY
jbest,114286981,CC-BY,193004834,CC-BY
jbest,114286981,CC-BY,193004943,CC-BY
jbest,116894084,CC-BY,197355838,CC-BY
jbest,116894084,CC-BY,197355855,CC-BY
jbest,116894084,CC-BY,197355866,CC-BY
jbest,116894084,CC-BY,199356049,CC-BY
jbest,121755843,CC-BY,225260794,CC-BY
jbest,121755843,CC-BY,225260808,CC-BY
jbest,121755843,CC-BY,225260826,CC-BY
jbest,132289875,CC-BY,225260759,CC-BY
jbest,133155771,CC-BY,226766797,CC-BY
jbest,133155771,CC-BY,226766821,CC-BY
jbest,133156334,CC-BY,226767677,CC-BY
jbest,133156334,CC-BY,226767723,CC-BY
jbest,133156334,CC-BY,226767748,CC-BY
jbest,133156334,CC-BY,226767774,CC-BY
jbest,136165699,CC-BY,232352702,CC-BY
jbest,136165699,CC-BY,232352732,CC-BY
jbest,136165699,CC-BY,232352760,CC-BY
jbest,137601337,CC-BY,235040168,CC-BY
jbest,137601337,CC-BY,235040183,CC-BY
jbest,137970986,CC-BY,235734559,CC-BY
jbest,137971047,CC-BY,235734698,CC-BY
jbest,137971047,CC-BY,237199886,CC-BY
jbest,138752464,CC-BY,237200227,CC-BY
jbest,139993275,CC-BY,239555094,CC-BY
jbest,139993275,CC-BY,239555105,CC-BY
jbest,139993275,CC-BY,239555115,CC-BY
jbest,139994917,CC-BY,239558869,CC-BY
jbest,139994917,CC-BY,239558898,CC-BY
jbest,139994953,CC-BY,239558946,CC-BY
jbest,139994953,CC-BY,239558967,CC-BY
jbest,139995039,CC-BY,239559062,CC-BY
jbest,139995039,CC-BY,239559085,CC-BY
jbest,139995101,CC-BY,239559227,CC-BY
jbest,139995101,CC-BY,239559257,CC-BY
jbest,139995199,CC-BY,239559647,CC-BY
jbest,139995199,CC-BY,239559658,CC-BY
jbest,139995270,CC-BY,239559680,CC-BY
jbest,139995270,CC-BY,239559702,CC-BY
jbest,139995270,CC-BY,239559715,CC-BY
jbest,139995270,CC-BY,239559734,CC-BY
jbest,139995305,CC-BY,239559757,CC-BY
jbest,139995305,CC-BY,239559781,CC-BY
jbest,140528979,CC-BY,240564715,CC-BY
jbest,140528979,CC-BY,240564789,CC-BY
jbest,140536805,CC-BY,240578145,CC-BY
jbest,140536805,CC-BY,240578182,CC-BY
jbest,140536805,CC-BY,240578214,CC-BY
jbest,141278907,CC-BY,241993365,CC-BY
jbest,141278956,CC-BY,241993478,CC-BY
jbest,141278956,CC-BY,241993524,CC-BY
jbest,141279014,CC-BY,241993611,CC-BY
jbest,141279024,CC-BY,241993679,CC-BY
jbest,142685244,CC-BY,244669180,CC-BY
jbest,142685244,CC-BY,244669192,CC-BY
jbest,143496769,CC-BY,246108924,CC-BY
jbest,143496769,CC-BY,246108955,CC-BY
jbest,152437538,CC-BY,263150078,CC-BY
jbest,152437538,CC-BY,263150096,CC-BY
jbest,152437870,CC-BY,263150719,CC-BY
jbest,152437870,CC-BY,263150753,CC-BY
jbest,152437870,CC-BY,263150779,CC-BY
jbest,152437870,CC-BY,263150801,CC-BY
jbest,153509581,CC-BY,265142994,CC-BY
jbest,153509581,CC-BY,265143010,CC-BY
jbest,153509581,CC-BY,265143028,CC-BY
jbest,153509643,CC-BY,265143111,CC-BY
jbest,153509643,CC-BY,265143121,CC-BY
jbest,153509643,CC-BY,265143140,CC-BY
jbest,153509643,CC-BY,265143156,CC-BY
jbest,153509643,CC-BY,265258843,CC-BY
jbest,153509643,CC-BY,265258865,CC-BY
jbest,153509643,CC-BY,265258831,CC-BY
jbest,162577801,CC-BY,281124042,CC-BY
jbest,162577801,CC-BY,281124056,CC-BY
jbest,162577801,CC-BY,281124081,CC-BY
jbest,167215470,CC-BY,289686089,CC-BY
jbest,169051475,CC-BY,293046955,CC-BY
jbest,169051595,CC-BY,295752140,CC-BY
jbest,169051595,CC-BY,295752195,CC-BY
jbest,169051595,CC-BY,295752237,CC-BY
jbest,170513993,CC-BY,295752627,CC-BY
jbest,170513993,CC-BY,295752662,CC-BY
jbest,170513993,CC-BY,295752693,CC-BY
jbest,172039079,CC-BY,298598105,CC-BY
jbest,172039079,CC-BY,298598146,CC-BY
jbest,172039079,CC-BY,298598180,CC-BY
jbest,172539235,CC-BY,299537206,CC-BY
jbest,172539235,CC-BY,299537225,CC-BY
jbest,177715334,CC-BY,309126374,CC-BY
jbest,186052795,CC-BY,325054557,CC-BY
jbest,186052795,CC-BY,325054572,CC-BY
jbest,186052837,CC-BY,325054670,CC-BY
jbest,186052837,CC-BY,325054700,CC-BY
jbest,186053078,CC-BY,325055164,CC-BY
jbest,186053078,CC-BY,325055187,CC-BY
jbest,187312977,CC-BY,327543154,CC-BY
jbest,187312977,CC-BY,327543185,CC-BY
jbest,187312977,CC-BY,327543210,CC-BY
jbest,187312977,CC-BY,327543232,CC-BY
jbest,187313079,CC-BY,327543398,CC-BY
jbest,187313079,CC-BY,327543410,CC-BY
jbest,187313079,CC-BY,327543437,CC-BY
jbest,187317104,CC-BY,327551808,CC-BY
jbest,187317104,CC-BY,327551836,CC-BY
jbest,187317104,CC-BY,327551863,CC-BY
jbest,187317104,CC-BY,327551892,CC-BY
jbest,187317206,CC-BY,328204492,CC-BY
jbest,187317206,CC-BY,328204530,CC-BY
jbest,187317206,CC-BY,328204584,CC-BY
jbest,187317206,CC-BY,328204627,CC-BY
jbest,187650500,CC-BY,328213316,CC-BY
jbest,187650500,CC-BY,328213385,CC-BY
jbest,187650500,CC-BY,328213470,CC-BY
jbest,187650500,CC-BY,328213516,CC-BY
jbest,187650783,CC-BY,328214153,CC-BY
jbest,187650783,CC-BY,328214221,CC-BY
jbest,187650783,CC-BY,328214293,CC-BY
jbest,187650783,CC-BY,328214439,CC-BY
jbest,187650882,CC-BY,328214517,CC-BY
jbest,187650882,CC-BY,328214872,CC-BY
jbest,187650882,CC-BY,328215035,CC-BY
jbest,187650882,CC-BY,328215079,CC-BY
jbest,187651608,CC-BY,328215957,CC-BY
jbest,187651608,CC-BY,328216043,CC-BY
jbest,187651608,CC-BY,328216148,CC-BY
jbest,187651608,CC-BY,328216218,CC-BY
jbest,189141694,CC-BY,331248227,CC-BY
jbest,189141694,CC-BY,331248238,CC-BY
jbest,189141694,CC-BY,331248255,CC-BY
jbest,189141694,CC-BY,331248272,CC-BY
jbest,189141723,CC-BY,331248287,CC-BY
jbest,189141723,CC-BY,331248304,CC-BY
jbest,189141723,CC-BY,331248320,CC-BY
jbest,189141723,CC-BY,331248333,CC-BY
jbest,189141748,CC-BY,331248350,CC-BY
jbest,189141748,CC-BY,331248371,CC-BY
jbest,189151677,CC-BY,331288870,CC-BY
jbest,189151677,CC-BY,331267651,CC-BY
jbest,189675779,CC-BY,332337512,CC-BY
jbest,189675779,CC-BY,332337535,CC-BY
jbest,189675779,CC-BY,332337560,CC-BY
jbest,189688957,CC-BY,332363666,CC-BY
jbest,189688957,CC-BY,332363702,CC-BY
jbest,189689055,CC-BY,332363839,CC-BY
jbest,189689055,CC-BY,332363870,CC-BY
jbest,189689097,CC-BY,332363977,CC-BY
jbest,189689097,CC-BY,332363996,CC-BY
jbest,189689133,CC-BY,332364083,CC-BY
jbest,189689133,CC-BY,332364103,CC-BY
jbest,189689133,CC-BY,332364122,CC-BY
jbest,189689304,CC-BY,332364300,CC-BY
jbest,189689304,CC-BY,332364343,CC-BY
jbest,189689304,CC-BY,332364393,CC-BY
jbest,189689304,CC-BY,332364409,CC-BY
jbest,189689460,CC-BY,332364571,CC-BY
jbest,189689460,CC-BY,332364594,CC-BY
jbest,189689460,CC-BY,332364853,CC-BY
jbest,189689708,CC-BY,332364902,CC-BY
jbest,189689708,CC-BY,332364951,CC-BY
jbest,189690020,CC-BY,332365294,CC-BY
jbest,189690020,CC-BY,332365452,CC-BY
jbest,189690020,CC-BY,332365525,CC-BY
jbest,199015327,CC-BY,350886924,CC-BY
jbest,199015327,CC-BY,350886938,CC-BY
jbest,199015327,CC-BY,350886947,CC-BY
jbest,199015327,CC-BY,350886957,CC-BY
jbest,199015536,CC-BY,350887234,CC-BY
jbest,199015536,CC-BY,350887250,CC-BY
jbest,202536245,CC-BY,357716387,CC-BY
jbest,202536245,CC-BY,357716394,CC-BY
jbest,202536245,CC-BY,357716405,CC-BY
jbest,202537587,CC-BY,357718882,CC-BY
jbest,202537587,CC-BY,357718913,CC-BY
jbest,202537587,CC-BY,357718940,CC-BY
jbest,202537587,CC-BY,357718961,CC-BY
jbest,206977861,CC-BY,366057829,CC-BY
jbest,206977861,CC-BY,366057866,CC-BY
jbest,206977987,CC-BY,366057979,CC-BY
jbest,206977987,CC-BY,366058015,CC-BY
jbest,206977987,CC-BY,366058051,CC-BY
jbest,206978244,CC-BY,366058382,CC-BY
jbest,206978244,CC-BY,366058414,CC-BY
jbest,206978516,CC-BY,366058761,CC-BY
jbest,206978516,CC-BY,366058784,CC-BY
jbest,206978516,CC-BY,366058820,CC-BY
jbest,206978692,CC-BY,366059021,CC-BY
jbest,206978692,CC-BY,366059082,CC-BY
jbest,206978692,CC-BY,366059110,CC-BY
jbest,206978692,CC-BY,366059139,CC-BY
jbest,206995133,CC-BY,366088961,CC-BY
jbest,206995133,CC-BY,366088992,CC-BY
jbest,208632680,CC-BY,369154354,CC-BY
jbest,208632680,CC-BY,369154378,CC-BY
jbest,208632680,CC-BY,369154407,CC-BY
jbest,208632680,CC-BY,369154432,CC-BY
jbest,208632747,CC-BY,369154516,CC-BY
jbest,208632747,CC-BY,369154540,CC-BY
jbest,208632747,CC-BY,369154553,CC-BY
jbest,208632747,CC-BY,369154576,CC-BY
jbest,208632847,CC-BY,369154716,CC-BY
jbest,208632847,CC-BY,369154751,CC-BY
jbest,208632847,CC-BY,369154782,CC-BY
jbest,208632847,CC-BY,369154808,CC-BY
jbest,208633054,CC-BY,369155112,CC-BY
jbest,208633054,CC-BY,369155145,CC-BY
jbest,208633054,CC-BY,369155169,CC-BY
jbest,208633090,CC-BY,369155211,CC-BY
jbest,208633090,CC-BY,369155235,CC-BY
jbest,208633090,CC-BY,369155266,CC-BY
jbest,208633146,CC-BY,369155332,CC-BY
jbest,208633146,CC-BY,369155372,CC-BY
jbest,208633146,CC-BY,369155399,CC-BY
jbest,208633146,CC-BY,369155421,CC-BY
jbest,208633257,CC-BY,369155532,CC-BY
jbest,208633257,CC-BY,369155556,CC-BY
jbest,208633257,CC-BY,369155587,CC-BY
jbest,208633301,CC-BY,369155634,CC-BY
jbest,208633301,CC-BY,369155655,CC-BY
jbest,208633301,CC-BY,369155687,CC-BY
jbest,208633359,CC-BY,369155818,CC-BY
jbest,208633359,CC-BY,369155836,CC-BY
jbest,208633359,CC-BY,369155873,CC-BY
jbest,213853357,CC-BY,377954318,CC-BY
jbest,213853357,CC-BY,377954362,CC-BY
jbest,213853751,CC-BY,377955033,CC-BY
jbest,213853992,CC-BY,377955554,CC-BY
jbest,213853992,CC-BY,377955606,CC-BY
jbest,214910452,CC-BY,379913893,CC-BY
jbest,215597558,CC-BY,381194797,CC-BY
jbest,215597558,CC-BY,381208088,CC-BY
jbest,221821846,CC-BY,392863767,CC-BY
jbest,221821846,CC-BY,392863803,CC-BY
jbest,221826144,CC-BY,392871207,CC-BY
jbest,221826144,CC-BY,392871262,CC-BY
jbest,221826144,CC-BY,392871299,CC-BY
jbest,226075713,CC-BY,400902238,CC-BY
jbest,226075713,CC-BY,400902251,CC-BY
jbest,226075713,CC-BY,400902275,CC-BY
jbest,235390918,CC-BY,418618135,CC-BY
jbest,235390918,CC-BY,418618177,CC-BY
jbest,235390918,CC-BY,418618205,CC-BY
jbest,235390918,CC-BY,418618242,CC-BY
jbest,235390918,CC-BY,418618276,CC-BY
jbest,235390918,CC-BY,418618318,CC-BY
jbest,235391046,CC-BY,418618444,CC-BY
jbest,235391046,CC-BY,418618482,CC-BY
jbest,235391189,CC-BY,418618690,CC-BY
jbest,235391189,CC-BY,418618723,CC-BY
jbest,235391189,CC-BY,418618751,CC-BY
jbest,235391189,CC-BY,418618794,CC-BY
jbest,235391293,CC-BY,418618986,CC-BY
jbest,235391293,CC-BY,418619008,CC-BY
jbest,235391293,CC-BY,418619037,CC-BY
jbest,235391434,CC-BY,418619286,CC-BY
jbest,239315419,CC-BY,426202206,CC-BY
jbest,239315419,CC-BY,426202368,CC-BY
jbest,239316288,CC-BY,426204418,CC-BY
jbest,239316288,CC-BY,426204518,CC-BY
jbest,240106427,CC-BY,427728906,CC-BY
jbest,240106427,CC-BY,427728967,CC-BY
jbest,240106516,CC-BY,427729064,CC-BY
jbest,240106516,CC-BY,427729076,CC-BY
jbest,240106566,CC-BY,427729213,CC-BY
jbest,240106566,CC-BY,427729262,CC-BY
jbest,240106610,CC-BY,427729392,CC-BY
jbest,240106610,CC-BY,427729493,CC-BY
jbest,240106734,CC-BY,427729775,CC-BY
jbest,240106734,CC-BY,427729824,CC-BY
jbest,240106856,CC-BY,427729846,CC-BY
jbest,240106856,CC-BY,427730621,CC-BY
jbest,240107290,CC-BY,427730778,CC-BY
jbest,240107369,CC-BY,427730824,CC-BY
jbest,240257752,CC-BY,428022785,CC-BY
jbest,240257752,CC-BY,428022859,CC-BY
jbest,240258558,CC-BY,428022941,CC-BY
jbest,240258558,CC-BY,428022994,CC-BY
jbest,240258729,CC-BY,428037452,CC-BY
jbest,240258729,CC-BY,428037480,CC-BY
jbest,240258729,CC-BY,428037585,CC-BY
jbest,240265795,CC-BY,428037616,CC-BY
jbest,240265795,CC-BY,428037638,CC-BY
jbest,240265795,CC-BY,428037655,CC-BY
jbest,240265795,CC-BY,428037678,CC-BY
jbest,240265795,CC-BY,428037734,CC-BY
jbest,240278055,CC-BY,428063003,CC-BY
jbest,240278055,CC-BY,428063020,CC-BY
jbest,240278055,CC-BY,428063034,CC-BY
jbest,240278097,CC-BY,428063112,CC-BY
jbest,240278152,CC-BY,428063318,CC-BY
jbest,240278152,CC-BY,428063349,CC-BY
jbest,240278152,CC-BY,428063378,CC-BY
jbest,247422403,CC-BY,441901750,CC-BY
jbest,247422498,CC-BY,441901935,CC-BY
jbest,247422498,CC-BY,441901949,CC-BY
jbest,247422498,CC-BY,441901963,CC-BY
jbest,247422498,CC-BY,441901971,CC-BY
jbest,247422498,CC-BY,441901983,CC-BY
jbest,247422575,CC-BY,441902083,CC-BY
jbest,247422617,CC-BY,441902169,CC-BY
jbest,247422617,CC-BY,441902189,CC-BY
jbest,247422617,CC-BY,441902197,CC-BY
jbest,247422657,CC-BY,441902259,CC-BY
jbest,247422699,CC-BY,441902321,CC-BY
jbest,247422699,CC-BY,441902332,CC-BY
jbest,247422744,CC-BY,441902424,CC-BY
jbest,247422744,CC-BY,441902437,CC-BY
jbest,247422744,CC-BY,441902456,CC-BY
jbest,247422744,CC-BY,441902482,CC-BY
jbest,247422744,CC-BY,441902500,CC-BY
jbest,247422794,CC-BY,441902562,CC-BY
jbest,247422804,CC-BY,441902577,CC-BY
jbest,247422831,CC-BY,441902630,CC-BY
jbest,247422884,CC-BY,441902774,CC-BY
jbest,247422949,CC-BY,441902955,CC-BY
jbest,247422949,CC-BY,441902969,CC-BY
jbest,247422949,CC-BY,441902980,CC-BY
jbest,263796229,CC-BY,473965163,CC-BY
jbest,263796229,CC-BY,473965182,CC-BY
jbest,263796229,CC-BY,473965199,CC-BY
jbest,268253823,CC-BY,482163257,CC-BY
jbest,268253823,CC-BY,482163281,CC-BY
jbest,268254070,CC-BY,482163692,CC-BY
jbest,268254394,CC-BY,482164282,CC-BY
jbest,268254394,CC-BY,482164306,CC-BY
jbest,268254394,CC-BY,482164331,CC-BY
jbest,268255589,CC-BY,482166403,CC-BY
jbest,270051220,CC-BY,485616261,CC-BY
jbest,270051220,CC-BY,485616284,CC-BY
jbest,270051220,CC-BY,485616313,CC-BY
jbest,270077111,CC-BY,485666381,CC-BY
jbest,270077111,CC-BY,485666383,CC-BY
jbest,270077111,CC-BY,485666380,CC-BY
jbest,270227148,CC-BY,485953529,CC-BY
jbest,270227148,CC-BY,485953530,CC-BY
jbest,270227148,CC-BY,485953518,CC-BY
jbest,273260976,CC-BY,491507703,CC-BY
jbest,273260976,CC-BY,491507675,CC-BY
jbest,273261605,CC-BY,491508518,CC-BY
jbest,273261605,CC-BY,491508577,CC-BY
jbest,273310368,CC-BY,491585138,CC-BY
jbest,273310368,CC-BY,491585136,CC-BY
jbest,273310368,CC-BY,491585132,CC-BY
jbest,273315100,CC-BY,491592348,CC-BY
jbest,273315100,CC-BY,491592352,CC-BY
jbest,273315100,CC-BY,491592366,CC-BY
jbest,273315538,CC-BY,491592962,CC-BY
jbest,273315538,CC-BY,491593037,CC-BY
jbest,273318547,CC-BY,491597539,CC-BY
jbest,273318547,CC-BY,491597517,CC-BY
jbest,273318547,CC-BY,491597531,CC-BY
jbest,273318547,CC-BY,491597546,CC-BY
jbest,273318547,CC-BY,491597590,CC-BY
jbest,273319612,CC-BY,491599401,CC-BY
jbest,273319612,CC-BY,491599403,CC-BY
jbest,273319612,CC-BY,491599390,CC-BY
jbest,273320376,CC-BY,491600400,CC-BY
jbest,273320376,CC-BY,491600409,CC-BY
jbest,273320376,CC-BY,491600428,CC-BY
jbest,273320376,CC-BY,491600469,CC-BY
jbest,273320376,CC-BY,491600431,CC-BY
jbest,273320376,CC-BY,491600493,CC-BY
jbest,273320376,CC-BY,491600430,CC-BY
jbest,273320577,CC-BY,491600819,CC-BY
jbest,273320577,CC-BY,491600816,CC-BY
jbest,273320577,CC-BY,491600822,CC-BY
jbest,273320768,CC-BY,491601122,CC-BY
jbest,273320858,CC-BY,491601305,CC-BY
jbest,273320858,CC-BY,491601300,CC-BY
jbest,273320965,CC-BY,491601512,CC-BY
jbest,273320965,CC-BY,491601500,CC-BY
jbest,273320965,CC-BY,491601501,CC-BY
jbest,273321265,CC-BY,491601973,CC-BY
jbest,273321265,CC-BY,491601991,CC-BY
jbest,273321265,CC-BY,491601980,CC-BY
jbest,273321265,CC-BY,491601988,CC-BY
jbest,273321384,CC-BY,491602192,CC-BY
jbest,273321384,CC-BY,491602197,CC-BY
jbest,273321384,CC-BY,491602187,CC-BY
jbest,273321499,CC-BY,491602357,CC-BY
jbest,273321499,CC-BY,491602358,CC-BY
jbest,275029860,CC-BY,494296876,CC-BY
jbest,275029860,CC-BY,494296869,CC-BY
jbest,275109848,CC-BY,494421265,CC-BY
jbest,275109848,CC-BY,494421248,CC-BY
jbest,277718607,CC-BY,498661432,CC-BY
jbest,277890249,CC-BY,498975028,CC-BY
jbest,277890249,CC-BY,498975032,CC-BY
jbest,277890249,CC-BY,498975025,CC-BY
jbest,282401411,CC-BY,507664978,CC-BY
jbest,282401411,CC-BY,507664970,CC-BY
jbest,282401411,CC-BY,507664971,CC-BY
jbest,282401411,CC-BY,507664976,CC-BY
jbest,282401411,CC-BY,507664980,CC-BY
jbest,282401411,CC-BY,507664972,CC-BY
jbest,285092921,CC-BY,512416888,CC-BY
jbest,285753419,CC-BY,513639378,CC-BY
jbest,285753419,CC-BY,513639376,CC-BY
jbest,285753705,CC-BY,513639977,CC-BY
jbest,285753705,CC-BY,513639953,CC-BY
jbest,285753705,CC-BY,513639975,CC-BY
jbest,285753705,CC-BY,513640013,CC-BY
jbest,285754186,CC-BY,513640716,CC-BY
jbest,285754186,CC-BY,513640808,CC-BY
jbest,285754186,CC-BY,513640788,CC-BY
jbest,288866811,CC-BY,519518755,CC-BY
jbest,288866811,CC-BY,519518760,CC-BY
jbest,288866811,CC-BY,519518761,CC-BY
jbest,288866887,CC-BY,519518942,CC-BY
jbest,288866887,CC-BY,519518946,CC-BY
jbest,288866942,CC-BY,519519072,CC-BY
jbest,288866942,CC-BY,519519076,CC-BY
jbest,289107299,CC-BY,519962565,CC-BY
jbest,289331392,CC-BY,520387861,CC-BY
jbest,289331392,CC-BY,520387862,CC-BY
jbest,299570650,CC-BY,539704834,CC-BY
jbest,299570650,CC-BY,539704835,CC-BY
jbest,299570650,CC-BY,539704838,CC-BY
jbest,299570650,CC-BY,539704841,CC-BY
jbest,299570717,CC-BY,539704939,CC-BY
jbest,299570717,CC-BY,539704935,CC-BY
jbest,299570717,CC-BY,539704952,CC-BY
jbest,299570717,CC-BY,539704994,CC-BY
jbest,299570717,CC-BY,539704957,CC-BY
jbest,299570784,CC-BY,539705106,CC-BY
jbest,299570784,CC-BY,539705100,CC-BY
jbest,299570784,CC-BY,539705090,CC-BY
jbest,299570784,CC-BY,539705094,CC-BY
jbest,299570949,CC-BY,539705472,CC-BY
jbest,299570949,CC-BY,539705422,CC-BY
jbest,299570949,CC-BY,539705428,CC-BY
jbest,299570949,CC-BY,539705424,CC-BY
jbest,299571754,CC-BY,539706888,CC-BY
jbest,299571754,CC-BY,539706900,CC-BY
jbest,299571754,CC-BY,539706901,CC-BY
jbest,299571754,CC-BY,539706905,CC-BY
jbest,299571819,CC-BY,539707013,CC-BY
jbest,299571819,CC-BY,539707008,CC-BY
jbest,299571819,CC-BY,539707005,CC-BY
jbest,299571904,CC-BY,539707113,CC-BY
jbest,299571904,CC-BY,539707112,CC-BY
jbest,299571904,CC-BY,539707124,CC-BY
jbest,299571904,CC-BY,539707123,CC-BY
jbest,299572156,CC-BY,539707572,CC-BY
jbest,299572156,CC-BY,539707573,CC-BY
jbest,299572212,CC-BY,539707691,CC-BY
jbest,299572212,CC-BY,539707690,CC-BY
jbest,299572252,CC-BY,539707816,CC-BY
jbest,299572252,CC-BY,539707821,CC-BY
jbest,299572314,CC-BY,539707939,CC-BY
jbest,299572314,CC-BY,539707941,CC-BY
jbest,299572314,CC-BY,539707952,CC-BY
jbest,299572314,CC-BY,539707943,CC-BY
jbest,299572314,CC-BY,539707946,CC-BY
jbest,299572760,CC-BY,539708783,CC-BY
jbest,299572760,CC-BY,539708750,CC-BY
jbest,299572760,CC-BY,539708744,CC-BY
jbest,299572760,CC-BY,539708763,CC-BY
jbest,299572789,CC-BY,539708864,CC-BY
jbest,299572789,CC-BY,539708825,CC-BY
jbest,299572848,CC-BY,539709018,CC-BY
jbest,299572848,CC-BY,539709017,CC-BY
jbest,299572920,CC-BY,539709158,CC-BY
jbest,299572920,CC-BY,539709152,CC-BY
jbest,299572920,CC-BY,539709142,CC-BY
jbest,299572920,CC-BY,539709150,CC-BY
jbest,299573014,CC-BY,539709344,CC-BY
jbest,299573014,CC-BY,539709354,CC-BY
jbest,299573014,CC-BY,539709348,CC-BY
jbest,299573014,CC-BY,539709350,CC-BY
jbest,299573014,CC-BY,539709352,CC-BY
jbest,299573697,CC-BY,539710420,CC-BY
jbest,299573697,CC-BY,539710447,CC-BY
jbest,299573744,CC-BY,539710519,CC-BY
jbest,299573807,CC-BY,539710635,CC-BY
jbest,299573807,CC-BY,539710625,CC-BY
jbest,299573852,CC-BY,539710709,CC-BY
jbest,299573852,CC-BY,539710706,CC-BY
jbest,299573939,CC-BY,539710841,CC-BY
jbest,299573939,CC-BY,539710819,CC-BY
jbest,302373073,CC-BY,544935246,CC-BY
jbest,304307766,CC-BY,548566487,CC-BY
jbest,304307766,CC-BY,548566480,CC-BY
jbest,309155776,CC-BY,557846885,CC-BY
jbest,310823615,CC-BY,561020236,CC-BY
jbest,310823615,CC-BY,561020225,CC-BY
